index,year,loc_name,population,housing_units,med_house_value,med_house_income,poverty_perc,work_perc,perc_2unit
0,2010,"Merced County, California",250699,83089,241000,43844,21.44%,72.21%,16.57%
1,2010,"Modoc County, California",9605,5133,158600,34588,17.79%,58.89%,5.71%
2,2010,"Mono County, California",13905,13802,481300,55087,11.97%,80.24%,39.71%
3,2010,"Monterey County, California",407435,138833,566300,59271,13.32%,76.72%,26.60%
4,2010,"Napa County, California",134051,54306,571500,67389,9.66%,74.33%,19.32%
5,2010,"Nevada County, California",98186,51847,444100,57121,8.90%,66.17%,9.35%
6,2010,"Orange County, California",2965525,1042254,607900,74344,10.01%,80.03%,32.69%
7,2010,"Placer County, California",336477,149188,427600,74447,6.57%,72.00%,15.81%
8,2010,"Plumas County, California",20392,15383,289100,44000,11.95%,60.79%,7.97%
9,2010,"Riverside County, California",2109464,783116,325300,57768,13.20%,73.53%,15.41%
10,2010,"Sacramento County, California",1395144,551985,324200,56439,13.67%,74.19%,25.63%
11,2010,"San Benito County, California",54492,17873,542300,65771,11.60%,78.71%,14.31%
12,2010,"San Bernardino County, California",2005287,691321,319000,55845,14.51%,77.39%,19.10%
13,2010,"San Diego County, California",3022468,1154874,486000,63069,11.95%,77.27%,34.08%
14,2010,"San Francisco County, California",789172,372560,785200,71304,11.73%,75.05%,65.41%
15,2010,"San Joaquin County, California",673613,231114,318600,54341,15.66%,74.42%,17.77%
16,2010,"San Luis Obispo County, California",265577,116323,513900,57365,12.12%,71.29%,17.89%
17,2010,"San Mateo County, California",704327,270039,784800,85648,6.92%,78.89%,31.58%
18,2010,"Santa Barbara County, California",416051,152381,576500,60078,13.81%,73.65%,29.06%
19,2010,"Santa Clara County, California",1739396,626325,701000,86850,8.74%,80.33%,31.87%
20,2010,"Santa Cruz County, California",256901,104002,648700,65253,12.24%,75.31%,20.71%
21,2010,"Shasta County, California",176906,76782,267600,43944,16.26%,62.62%,15.84%
22,2010,"Sierra County, California",3366,2258,323300,52950,10.84%,64.09%,7.10%
23,2010,"Siskiyou County, California",44690,23799,237400,36981,16.75%,56.44%,14.46%
24,2010,"Solano County, California",410042,151616,389800,68409,10.04%,76.98%,19.80%
25,2010,"Sonoma County, California",474047,202668,524400,63274,10.13%,74.04%,18.86%
26,2010,"Stanislaus County, California",509682,177591,285200,51094,16.18%,73.42%,15.56%
27,2010,"Sutter County, California",93420,33624,262200,50944,14.12%,70.96%,19.23%
28,2010,"Tehama County, California",62575,26739,221400,38137,19.81%,62.08%,12.43%
29,2010,"Trinity County, California",13701,8608,268200,38725,14.55%,57.17%,10.04%
30,2010,"Tulare County, California",429404,138647,211200,43851,22.59%,74.57%,14.46%
31,2010,"Tuolumne County, California",56074,31033,332500,47462,10.57%,58.79%,11.03%
32,2010,"Ventura County, California",809080,279398,568700,75348,9.13%,78.51%,19.75%
33,2010,"Yolo County, California",196418,73947,391300,57077,16.24%,75.11%,29.44%
34,2010,"Yuba County, California",71160,27351,224200,46807,19.34%,69.83%,17.47%
35,2010,"Alameda County, California",1477980,577538,590900,69384,11.19%,76.95%,36.37%
36,2010,"Alpine County, California",1176,1794,453600,63478,12.33%,66.10%,4.15%
37,2010,"Amador County, California",38327,17823,341400,54758,7.10%,63.67%,7.41%
38,2010,"Butte County, California",218635,95139,265400,43170,17.97%,64.56%,18.82%
39,2010,"Calaveras County, California",45994,27613,350800,54971,8.20%,64.53%,4.41%
40,2010,"Colusa County, California",21165,7775,275400,48016,14.68%,73.05%,15.33%
41,2010,"Contra Costa County, California",1024809,396782,548200,78385,8.89%,76.32%,22.51%
42,2010,"Del Norte County, California",28471,11119,240900,36118,19.41%,57.33%,14.77%
43,2010,"El Dorado County, California",179053,86742,445700,70000,7.82%,73.83%,11.38%
44,2010,"Fresno County, California",908830,310219,257000,46430,22.04%,72.77%,25.38%
45,2010,"Glenn County, California",27935,10681,244200,43074,17.45%,70.83%,11.60%
46,2010,"Humboldt County, California",133058,60904,324700,40089,17.27%,68.16%,19.44%
47,2010,"Imperial County, California",168052,54876,192600,38685,20.10%,70.03%,21.94%
48,2010,"Inyo County, California",18434,9433,290000,44808,11.82%,67.76%,12.23%
49,2010,"Kern County, California",815693,278239,217100,47089,19.61%,73.41%,17.75%
50,2010,"Kings County, California",151122,43094,220400,48684,17.01%,77.83%,17.37%
51,2010,"Lake County, California",64371,35315,265400,39491,18.78%,61.14%,8.94%
52,2010,"Lassen County, California",35081,12726,217300,50317,9.80%,69.63%,11.13%
53,2010,"Los Angeles County, California",9758256,3425736,508800,55476,15.46%,78.26%,41.04%
54,2010,"Madera County, California",147738,48686,276000,46039,18.04%,65.20%,12.57%
55,2010,"Marin County, California",248601,110530,868000,89268,6.76%,74.90%,27.02%
56,2010,"Mariposa County, California",18290,10076,278500,49098,12.50%,54.87%,8.89%
57,2010,"Mendocino County, California",87487,39975,410600,43759,16.81%,67.48%,13.55%
58,2011,"Merced County, California",253606,83584,197700,43945,22.66%,71.77%,17.20%
59,2011,"Mariposa County, California",18290,10142,248900,49174,14.28%,53.28%,7.30%
60,2011,"Yuba County, California",71817,27562,194200,46617,19.80%,69.35%,18.09%
61,2011,"Contra Costa County, California",1037817,398915,490200,79135,9.79%,76.32%,22.50%
62,2011,"Lassen County, California",35001,12716,199200,52484,10.18%,70.37%,12.96%
63,2011,"Stanislaus County, California",512469,178850,232000,50671,17.81%,72.62%,15.80%
64,2011,"Sonoma County, California",478551,203847,477300,64343,10.57%,73.70%,18.85%
65,2011,"Tehama County, California",62985,26912,208000,38753,20.32%,60.56%,12.32%
66,2011,"Mono County, California",14016,13876,428600,60469,11.09%,75.92%,37.89%
67,2011,"San Benito County, California",54873,17855,432900,65570,11.26%,79.12%,13.32%
68,2011,"Sacramento County, California",1408480,554374,285000,56553,14.61%,73.52%,25.55%
69,2011,"El Dorado County, California",179878,87571,409400,68815,8.34%,71.83%,11.16%
70,2011,"Monterey County, California",411385,138925,497400,59737,14.42%,76.78%,27.04%
71,2011,"Sierra County, California",3277,2307,304700,50308,16.48%,62.95%,5.87%
72,2011,"Lake County, California",64392,35441,235900,39525,21.03%,61.40%,9.28%
73,2011,"Modoc County, California",9587,5174,162500,35402,18.94%,57.69%,5.09%
74,2011,"Inyo County, California",18457,9457,271100,49571,11.52%,68.58%,12.59%
75,2011,"Santa Barbara County, California",419793,152684,523800,61896,13.62%,73.97%,29.13%
76,2011,"Imperial County, California",171343,55668,169600,39402,21.86%,69.90%,22.42%
77,2011,"Alameda County, California",1494876,580725,558300,70821,11.58%,76.33%,36.44%
78,2011,"Napa County, California",135377,54612,521700,68641,9.53%,75.19%,19.06%
79,2011,"San Francisco County, California",797983,374919,767300,72947,12.13%,75.01%,65.98%
80,2011,"Colusa County, California",21297,7850,244200,49558,14.22%,73.53%,15.65%
81,2011,"Kings County, California",152335,43533,208100,48838,17.10%,77.25%,17.33%
82,2011,"Fresno County, California",920623,313355,236400,46903,22.93%,72.18%,25.11%
83,2011,"Orange County, California",2989948,1046323,575100,75762,10.72%,79.79%,32.52%
84,2011,"Sutter County, California",94192,33755,233000,50010,15.00%,70.37%,18.85%
85,2011,"San Joaquin County, California",680277,232843,264600,53764,16.28%,73.55%,17.58%
86,2011,"San Diego County, California",3060849,1160784,455000,63857,12.66%,76.81%,34.27%
87,2011,"Tulare County, California",436234,140519,191500,43550,23.42%,74.54%,14.27%
88,2011,"Yolo County, California",198889,74639,365500,57920,17.94%,74.97%,29.91%
89,2011,"Humboldt County, California",133585,61293,314400,40376,17.84%,67.34%,19.79%
90,2011,"Nevada County, California",98392,52304,412600,58077,10.24%,65.25%,9.38%
91,2011,"Alpine County, California",1167,1772,395600,59018,14.57%,64.99%,4.48%
92,2011,"Madera County, California",149611,49012,245500,47724,18.57%,62.87%,11.75%
93,2011,"Mendocino County, California",87525,40185,380800,44527,17.48%,67.07%,13.98%
94,2011,"Santa Cruz County, California",259402,104278,613500,66030,13.25%,74.78%,20.75%
95,2011,"Trinity County, California",13711,8650,264200,37672,17.26%,53.08%,8.65%
96,2011,"Los Angeles County, California",9787747,3437584,478300,56266,16.00%,77.88%,41.08%
97,2011,"Riverside County, California",2154844,794478,284100,58365,14.00%,72.92%,15.32%
98,2011,"San Bernardino County, California",2023452,696776,278400,55853,15.67%,76.69%,19.32%
99,2011,"Santa Clara County, California",1762754,629448,681100,89064,9.10%,80.30%,32.03%
100,2011,"Marin County, California",250666,110937,840900,89605,6.98%,74.70%,26.58%
101,2011,"Placer County, California",343554,151245,387400,74645,7.15%,71.40%,15.52%
102,2011,"Siskiyou County, California",44687,23886,232200,37865,18.09%,56.22%,14.64%
103,2011,"Shasta County, California",177231,77092,246800,44058,16.94%,61.91%,15.91%
104,2011,"Solano County, California",411620,152239,340100,69914,10.33%,76.61%,19.84%
105,2011,"Del Norte County, California",28561,11150,239800,37588,18.60%,59.04%,14.11%
106,2011,"Glenn County, California",28027,10764,233800,43239,18.43%,71.27%,11.49%
107,2011,"Butte County, California",219309,95589,254900,42971,19.28%,63.72%,18.75%
108,2011,"Plumas County, California",20192,15501,266100,44151,13.27%,57.97%,8.07%
109,2011,"San Luis Obispo County, California",267871,116925,480200,58630,12.44%,70.93%,18.28%
110,2011,"Kern County, California",829254,282009,196000,48021,20.46%,73.16%,17.85%
111,2011,"Ventura County, California",815745,280758,515900,76728,9.80%,78.15%,19.87%
112,2011,"Calaveras County, California",45794,27823,312000,55256,8.19%,62.37%,5.04%
113,2011,"San Mateo County, California",711622,270614,763100,87633,6.87%,79.06%,32.08%
114,2011,"Tuolumne County, California",55736,31157,304700,47359,12.29%,57.11%,10.99%
115,2011,"Amador County, California",38244,17943,318400,56180,8.82%,61.07%,7.34%
116,2012,"Merced County, California",256398,83650,161600,43565,24.15%,72.31%,17.00%
117,2012,"Mariposa County, California",18193,10165,242900,52584,14.55%,56.82%,7.32%
118,2012,"Yuba County, California",72244,27670,180700,46641,20.13%,69.12%,18.05%
119,2012,"Contra Costa County, California",1052047,400098,433800,78187,10.10%,76.21%,22.55%
120,2012,"Lassen County, California",34628,12705,189400,51921,10.75%,69.50%,14.26%
121,2012,"Stanislaus County, California",515115,179176,192200,49866,19.00%,72.41%,16.09%
122,2012,"Sonoma County, California",483456,204247,430900,63565,11.37%,73.00%,19.25%
123,2012,"Tehama County, California",63200,26928,189500,40307,20.01%,60.73%,11.53%
124,2012,"Mono County, California",14181,13888,355600,61868,9.40%,76.62%,31.39%
125,2012,"San Benito County, California",55467,17876,361700,63939,12.62%,77.88%,12.08%
126,2012,"Sacramento County, California",1422348,555536,249800,55846,16.21%,72.82%,25.52%
127,2012,"El Dorado County, California",180441,87828,378400,70117,8.00%,71.88%,11.11%
128,2012,"Monterey County, California",416199,139086,390400,60143,15.41%,76.73%,27.11%
129,2012,"Sierra County, California",3163,2266,265600,42500,16.66%,63.83%,5.83%
130,2012,"Butte County, California",220101,95830,237400,43339,20.06%,62.37%,18.87%
131,2012,"Plumas County, California",19926,15542,251200,45358,13.65%,58.38%,6.77%
132,2012,"San Luis Obispo County, California",270121,117318,449300,59628,12.87%,70.80%,18.52%
133,2012,"Kern County, California",839153,283810,171200,47727,21.54%,72.89%,17.89%
134,2012,"Ventura County, California",822794,281245,465600,76483,10.20%,77.87%,20.17%
135,2012,"Calaveras County, California",45507,27867,276200,54686,10.20%,60.74%,4.40%
136,2012,"San Mateo County, California",721183,270667,734100,87751,7.33%,79.12%,32.58%
137,2012,"Tuolumne County, California",55205,31193,282500,48169,12.17%,57.51%,10.93%
138,2012,"Amador County, California",37764,18017,286500,53462,9.27%,59.06%,7.86%
139,2012,"Orange County, California",3021840,1049031,537600,75566,11.56%,79.76%,32.98%
140,2012,"Sutter County, California",94615,33835,204200,50510,16.77%,70.22%,18.54%
141,2012,"San Joaquin County, California",687036,233587,225400,53895,17.17%,73.21%,17.29%
142,2012,"San Diego County, California",3100500,1163884,419400,63373,13.50%,76.46%,34.33%
143,2012,"Tulare County, California",441877,141759,172100,43803,24.46%,74.62%,14.32%
144,2012,"Yolo County, California",200873,74923,329000,57260,17.93%,74.58%,29.41%
145,2012,"Humboldt County, California",134317,61452,300400,40830,19.16%,67.50%,20.41%
146,2012,"Nevada County, California",98521,52467,379900,57382,11.49%,63.46%,9.80%
147,2012,"Alpine County, California",1197,1815,371300,59931,13.28%,68.05%,4.68%
148,2012,"Madera County, California",150615,49222,210300,47937,19.85%,60.29%,11.17%
149,2012,"Mendocino County, California",87577,40258,353400,43721,19.06%,65.08%,13.60%
150,2012,"Santa Cruz County, California",262340,104325,576500,66571,13.93%,74.74%,20.67%
151,2012,"Trinity County, California",13693,8661,258800,36569,17.36%,52.74%,6.64%
152,2012,"Los Angeles County, California",9840024,3441416,443300,56241,16.85%,77.73%,41.24%
153,2012,"Riverside County, California",2192982,799360,248100,57096,15.30%,72.49%,15.57%
154,2012,"San Bernardino County, California",2041029,698715,241500,54750,17.20%,76.09%,19.55%
155,2012,"Santa Clara County, California",1788393,632299,656600,90747,9.60%,80.57%,32.06%
156,2012,"Marin County, California",252759,111063,810700,90962,7.27%,74.44%,27.10%
157,2012,"Placer County, California",350074,152513,354900,73356,8.31%,70.88%,15.46%
158,2012,"Siskiyou County, California",44673,23862,215200,37948,19.27%,56.19%,12.79%
159,2012,"Shasta County, California",177693,77300,233400,44396,17.34%,61.22%,15.55%
160,2012,"Solano County, California",414209,152624,290500,69006,11.45%,76.34%,20.17%
161,2012,"Del Norte County, California",28496,11185,227700,39626,18.88%,61.90%,14.39%
162,2012,"Glenn County, California",28078,10781,222300,42641,19.17%,69.13%,11.82%
163,2012,"Lake County, California",64360,35449,200500,38147,23.36%,59.00%,8.54%
164,2012,"Modoc County, California",9545,5172,158200,37482,19.16%,59.11%,3.82%
165,2012,"Inyo County, California",18474,9449,246200,45000,11.02%,68.24%,13.65%
166,2012,"Santa Barbara County, California",423594,152709,482400,62723,14.69%,73.78%,29.15%
167,2012,"Imperial County, California",173487,55896,155800,41255,21.64%,70.22%,21.85%
168,2012,"Alameda County, California",1515136,581859,514900,71516,11.81%,75.89%,36.83%
169,2012,"Napa County, California",136644,54639,460400,69571,9.76%,75.07%,19.27%
170,2012,"San Francisco County, California",807755,375861,750900,73802,12.97%,74.98%,66.19%
171,2012,"Colusa County, California",21329,7866,210300,52165,15.03%,71.60%,12.71%
172,2012,"Kings County, California",151982,43837,192000,48761,18.21%,76.59%,17.68%
173,2012,"Fresno County, California",930517,315544,212100,45741,24.39%,71.46%,24.93%
174,2013,"San Diego County, California",3138265,1169496,402100,62962,14.07%,76.03%,34.54%
175,2013,"Tulare County, California",446644,142926,163100,42708,25.82%,73.86%,14.10%
176,2013,"Yolo County, California",202288,75348,314300,55918,18.38%,73.69%,29.83%
177,2013,"Humboldt County, California",134613,61769,288300,41426,19.76%,67.88%,20.37%
178,2013,"Nevada County, California",98509,52662,357300,57353,11.87%,62.43%,9.52%
179,2013,"Alpine County, California",1165,1835,333600,58636,15.79%,60.91%,3.55%
180,2013,"Madera County, California",151435,49329,182000,45625,21.53%,58.40%,11.20%
181,2013,"Mendocino County, California",87497,40434,323600,43469,19.68%,63.58%,13.79%
182,2013,"Santa Cruz County, California",264808,104613,557500,66519,14.06%,74.36%,20.31%
183,2013,"Trinity County, California",13638,8705,257400,36890,18.91%,50.99%,6.25%
184,2013,"Los Angeles County, California",9893481,3452901,420200,55909,17.56%,77.32%,41.36%
185,2013,"Riverside County, California",2228528,805142,231000,56529,15.95%,72.24%,15.69%
186,2013,"San Bernardino County, California",2056915,701332,222300,54090,18.24%,75.21%,19.82%
187,2013,"Santa Clara County, California",1812208,636190,645600,91702,10.01%,80.60%,32.26%
188,2013,"Marin County, California",254643,111351,781900,90839,7.51%,73.92%,26.95%
189,2013,"Placer County, California",355924,153886,342000,72725,8.67%,70.70%,15.77%
190,2013,"Siskiyou County, California",44503,23981,200800,37709,20.71%,55.82%,12.93%
191,2013,"Shasta County, California",177966,77453,220000,44651,17.18%,60.52%,15.63%
192,2013,"Solano County, California",417258,153180,262400,67177,12.55%,75.23%,20.36%
193,2013,"Del Norte County, California",28357,11245,198400,37909,19.06%,58.57%,12.31%
194,2013,"Glenn County, California",28054,10825,217700,43023,18.53%,68.94%,13.96%
195,2013,"Butte County, California",220542,96326,225900,43752,19.92%,61.49%,18.61%
196,2013,"Plumas County, California",19586,15590,243700,45794,14.89%,56.06%,7.34%
197,2013,"San Luis Obispo County, California",272094,117784,426600,58697,13.45%,70.42%,18.71%
198,2013,"Kern County, California",848204,285895,161700,48552,22.02%,72.70%,17.76%
199,2013,"Ventura County, California",829017,282231,442200,76544,10.91%,77.53%,20.53%
200,2013,"Calaveras County, California",45147,27954,254800,55295,10.74%,59.85%,5.10%
201,2013,"San Mateo County, California",729543,271499,722200,88202,7.53%,79.18%,32.95%
202,2013,"Tuolumne County, California",54728,31277,269400,48426,13.54%,55.68%,10.22%
203,2013,"Amador County, California",37422,18083,270500,53684,11.09%,57.41%,8.55%
204,2013,"Merced County, California",258707,83828,146400,42591,24.93%,71.51%,16.52%
205,2013,"Mariposa County, California",18061,10241,235000,49820,15.92%,56.02%,6.99%
206,2013,"Yuba County, California",72574,27734,171000,44902,21.21%,66.59%,18.31%
207,2013,"Contra Costa County, California",1065794,401818,404000,78756,10.43%,75.91%,22.52%
208,2013,"Lassen County, California",34018,12705,185500,53107,11.62%,65.25%,14.09%
209,2013,"Stanislaus County, California",518321,179591,172900,49297,20.10%,71.92%,16.09%
210,2013,"Sonoma County, California",487469,205078,407400,63356,11.70%,72.97%,19.29%
211,2013,"Tehama County, California",63241,27023,177100,41924,19.40%,60.10%,10.01%
212,2013,"Mono County, California",14217,13932,344500,61757,8.42%,77.83%,30.32%
213,2013,"San Benito County, California",56115,17930,343000,66237,11.83%,78.45%,13.82%
214,2013,"Sacramento County, California",1435207,557331,234200,55064,17.30%,72.06%,25.40%
215,2013,"El Dorado County, California",180982,88228,359500,69297,8.95%,70.62%,10.83%
216,2013,"Monterey County, California",420569,139326,362400,59168,16.21%,76.18%,26.74%
217,2013,"Sierra County, California",3127,2256,231400,39009,19.16%,60.57%,5.35%
218,2013,"Santa Barbara County, California",427288,153254,453000,62779,15.39%,73.63%,29.20%
219,2013,"Imperial County, California",175201,56234,147300,41807,21.85%,69.80%,21.27%
220,2013,"Alameda County, California",1535248,584652,493800,72112,12.28%,75.15%,37.03%
221,2013,"Napa County, California",137837,54851,428600,70443,9.84%,75.02%,19.14%
222,2013,"San Francisco County, California",817501,378186,744600,75604,13.25%,75.34%,66.55%
223,2013,"Colusa County, California",21366,7880,181600,52158,12.33%,71.85%,11.28%
224,2013,"Kings County, California",151806,44134,176900,48133,18.46%,76.26%,18.69%
225,2013,"Fresno County, California",939605,317740,195400,45563,25.50%,71.53%,25.22%
226,2013,"Orange County, California",3051771,1052959,519600,75422,12.22%,79.36%,33.20%
227,2013,"Sutter County, California",94787,33908,188500,50408,16.45%,70.17%,18.49%
228,2013,"San Joaquin County, California",693177,234622,208000,53380,17.76%,72.92%,16.96%
229,2013,"Lake County, California",64260,35508,183600,36548,24.68%,57.32%,8.29%
230,2013,"Modoc County, California",9468,5200,164100,36212,20.25%,57.75%,5.02%
231,2013,"Inyo County, California",18482,9478,236100,44796,12.49%,66.96%,12.09%
232,2014,"Lake County, California",64209,35576,167900,35997,23.98%,55.33%,8.29%
233,2014,"Modoc County, California",9335,5208,157300,38560,20.27%,54.64%,4.01%
234,2014,"Inyo County, California",18439,9498,235200,45625,13.26%,64.48%,11.73%
235,2014,"Santa Barbara County, California",431555,153565,446500,63409,15.98%,74.06%,29.54%
236,2014,"Imperial County, California",177026,56480,145200,41772,21.99%,69.74%,20.93%
237,2014,"Alameda County, California",1559308,587071,509300,73775,12.65%,74.81%,36.98%
238,2014,"Napa County, California",139253,55003,439000,70925,10.02%,74.68%,18.64%
239,2014,"San Francisco County, California",829072,380518,765700,78378,13.07%,75.72%,66.64%
240,2014,"Colusa County, California",21424,7891,174500,50503,14.32%,71.53%,12.15%
241,2014,"Kings County, California",151390,44387,170000,47341,19.98%,75.78%,18.67%
242,2014,"Fresno County, California",948844,319912,191700,45201,26.88%,71.50%,25.05%
243,2014,"Orange County, California",3086331,1058466,532300,75998,12.69%,79.33%,33.12%
244,2014,"Sutter County, California",95067,33991,189600,51527,16.65%,70.53%,17.34%
245,2014,"San Joaquin County, California",701050,235610,211300,53253,18.97%,73.05%,17.31%
246,2014,"Merced County, California",261609,83903,152600,43066,25.06%,71.73%,16.55%
247,2014,"Mariposa County, California",17946,10255,240300,50560,16.17%,56.43%,6.26%
248,2014,"Yuba County, California",73059,27812,170800,45470,21.80%,67.42%,18.19%
249,2014,"Contra Costa County, California",1081232,403449,417400,79799,10.56%,75.96%,22.91%
250,2014,"Lassen County, California",33356,12718,176500,53351,11.56%,64.25%,14.20%
251,2014,"Stanislaus County, California",522794,179898,175400,49573,20.04%,71.69%,16.25%
252,2014,"Sonoma County, California",491790,205759,414500,63799,12.14%,72.96%,19.14%
253,2014,"Tehama County, California",63284,27117,170300,42369,18.34%,60.64%,10.23%
254,2014,"Mono County, California",14193,13957,324600,61814,4.96%,76.32%,30.04%
255,2014,"San Benito County, California",56888,17958,357200,67874,12.07%,78.17%,11.80%
256,2014,"Sierra County, California",3019,2283,195700,43107,16.13%,65.30%,4.88%
257,2014,"Sacramento County, California",1450277,558694,236500,55615,17.79%,72.08%,25.23%
258,2014,"El Dorado County, California",181465,88496,356900,68507,10.19%,69.77%,11.18%
259,2014,"Monterey County, California",424927,139594,362100,58582,16.45%,75.89%,26.60%
260,2014,"San Diego County, California",3183143,1174901,412800,63996,14.32%,76.03%,34.44%
261,2014,"Tulare County, California",451108,143869,161000,42863,27.05%,73.66%,14.00%
262,2014,"Yolo County, California",204162,75754,317700,55508,19.27%,74.13%,30.12%
263,2014,"Humboldt County, California",134876,61986,281300,42153,20.26%,66.83%,20.74%
264,2014,"Nevada County, California",98606,52832,344800,56949,12.33%,62.99%,9.38%
265,2014,"Alpine County, California",1202,1821,313800,61343,14.89%,62.33%,2.39%
266,2014,"Madera County, California",152452,49499,179100,45490,21.84%,59.27%,11.35%
267,2014,"Los Angeles County, California",9974203,3462075,425100,55870,18.11%,77.30%,41.49%
268,2014,"Mendocino County, California",87612,40538,310300,43290,19.85%,63.62%,15.00%
269,2014,"Santa Cruz County, California",267203,104871,559500,66923,14.69%,74.40%,20.90%
270,2014,"Trinity County, California",13515,8742,258500,36862,18.42%,52.73%,3.62%
271,2014,"Riverside County, California",2266899,810426,236400,56592,16.62%,72.10%,15.93%
272,2014,"San Bernardino County, California",2078586,703737,225400,54100,18.72%,75.03%,19.83%
273,2014,"Santa Clara County, California",1841569,640439,664100,93854,9.78%,80.88%,32.46%
274,2014,"Marin County, California",256802,111669,785100,91529,8.53%,73.61%,27.04%
275,2014,"Placer County, California",361518,155113,345900,73747,8.86%,70.19%,15.51%
276,2014,"Siskiyou County, California",44261,24017,185400,37495,22.47%,55.68%,12.29%
277,2014,"Shasta County, California",178520,77647,213700,44556,17.71%,60.60%,15.95%
278,2014,"Solano County, California",421624,153769,263600,67341,12.65%,74.76%,20.82%
279,2014,"Del Norte County, California",28066,11270,180100,39302,19.48%,55.76%,13.74%
280,2014,"Glenn County, California",28019,10868,214600,40106,19.69%,66.72%,14.61%
281,2014,"Butte County, California",221578,96700,220100,43165,21.05%,61.68%,18.72%
282,2014,"Plumas County, California",19286,15634,231400,48032,15.59%,55.55%,8.05%
283,2014,"San Luis Obispo County, California",274184,118209,426200,59454,13.90%,70.08%,19.00%
284,2014,"Kern County, California",857730,287775,161800,48574,22.50%,72.82%,18.28%
285,2014,"Ventura County, California",835790,283047,444800,77335,11.00%,77.46%,20.71%
286,2014,"Calaveras County, California",44921,28006,242600,54936,11.91%,58.32%,5.23%
287,2014,"San Mateo County, California",739837,272187,736800,91421,7.52%,79.46%,33.19%
288,2014,"Tuolumne County, California",54347,31302,262600,48493,13.70%,56.17%,10.27%
289,2014,"Amador County, California",37159,18157,251800,52964,11.51%,56.64%,7.80%
290,2015,"Merced County, California",263885,84063,161200,42462,25.55%,71.55%,16.55%
291,2015,"Mariposa County, California",17789,10312,235900,47681,14.90%,56.45%,6.30%
292,2015,"Yuba County, California",73437,27930,172100,46892,21.60%,67.41%,17.63%
293,2015,"Contra Costa County, California",1096068,405001,439900,80185,10.76%,75.88%,23.11%
294,2015,"Lassen County, California",32645,12733,172900,51555,10.91%,64.73%,11.30%
295,2015,"Stanislaus County, California",527367,180169,190800,50125,20.09%,71.88%,16.28%
296,2015,"Sonoma County, California",495078,206399,436400,64240,11.55%,73.27%,19.20%
297,2015,"Tehama County, California",63152,27220,171500,41001,19.50%,62.03%,11.66%
298,2015,"Mono County, California",14146,13982,313000,56944,4.84%,74.95%,26.42%
299,2015,"San Benito County, California",57557,18038,380200,71077,10.78%,78.32%,11.16%
300,2015,"Sacramento County, California",1465832,560271,248400,55987,17.89%,72.36%,25.28%
301,2015,"El Dorado County, California",182093,88639,363000,69584,10.34%,68.73%,11.24%
302,2015,"Monterey County, California",428441,139794,369100,58783,16.22%,75.70%,26.95%
303,2015,"Sierra County, California",3021,2311,170400,42833,14.50%,60.54%,6.63%
304,2015,"San Diego County, California",3223096,1180806,429600,64309,14.11%,76.32%,34.71%
305,2015,"Tulare County, California",454033,144792,162700,42031,27.70%,73.47%,14.23%
306,2015,"Yolo County, California",207320,76090,325700,54989,19.14%,73.95%,29.92%
307,2015,"Humboldt County, California",135034,62156,279300,42197,20.85%,66.47%,20.50%
308,2015,"Nevada County, California",98570,53017,347000,56521,12.55%,63.11%,9.63%
309,2015,"Alpine County, California",1131,1801,295000,52917,17.24%,58.94%,1.96%
310,2015,"Madera County, California",153187,49704,189700,45073,22.17%,59.86%,11.67%
311,2015,"Mendocino County, California",87544,40643,308400,42980,20.02%,64.21%,14.19%
312,2015,"Santa Cruz County, California",269278,105034,578800,67256,14.50%,74.92%,21.74%
313,2015,"Trinity County, California",13373,8770,263100,34974,19.16%,51.95%,3.43%
314,2015,"Los Angeles County, California",10038388,3476718,441900,56196,17.93%,77.55%,41.76%
315,2015,"Riverside County, California",2298032,815322,253200,56603,16.54%,72.38%,16.40%
316,2015,"San Bernardino County, California",2094769,705962,236700,53433,18.99%,75.26%,20.13%
317,2015,"Santa Clara County, California",1868149,646190,698600,96310,9.40%,81.04%,32.68%
318,2015,"Marin County, California",258349,111990,815100,93257,8.11%,73.62%,27.55%
319,2015,"Placer County, California",366280,156401,358500,73948,8.85%,69.69%,15.31%
320,2015,"Siskiyou County, California",43895,24002,174700,37170,22.84%,55.70%,11.63%
321,2015,"Shasta County, California",178942,77790,216600,44620,17.72%,61.56%,16.42%
322,2015,"Solano County, California",425753,154380,279100,66828,13.04%,74.39%,20.85%
323,2015,"Del Norte County, California",27788,11305,183700,40847,18.74%,55.86%,13.39%
324,2015,"Glenn County, California",28029,10893,204400,39349,20.41%,65.60%,13.41%
325,2015,"Butte County, California",222564,97133,221700,43444,21.36%,62.20%,19.39%
326,2015,"Plumas County, California",18966,15674,217200,47333,14.17%,54.84%,7.11%
327,2015,"San Luis Obispo County, California",276517,118806,445700,60691,13.97%,70.21%,19.31%
328,2015,"Kern County, California",865736,289529,167400,49026,22.61%,73.50%,18.37%
329,2015,"Ventura County, California",840833,283899,458100,77348,10.93%,77.42%,20.84%
330,2015,"Calaveras County, California",44767,28031,243800,53233,12.49%,54.07%,4.97%
331,2015,"San Mateo County, California",748731,272838,776300,93623,7.91%,79.82%,33.76%
332,2015,"Tuolumne County, California",54079,31361,259300,50306,12.96%,56.66%,10.72%
333,2015,"Amador County, California",36995,18184,251000,54171,11.33%,56.52%,7.71%
334,2015,"Lake County, California",64158,35626,164300,35578,24.31%,55.88%,8.57%
335,2015,"Modoc County, California",9184,5238,153100,37860,18.22%,52.92%,4.27%
336,2015,"Inyo County, California",18373,9502,240100,45955,10.99%,64.46%,11.78%
337,2015,"Santa Barbara County, California",435850,154135,465300,63985,15.61%,74.95%,29.35%
338,2015,"Imperial County, California",178206,56709,151600,41079,22.51%,70.04%,20.86%
339,2015,"Alameda County, California",1584983,589858,543100,75619,12.28%,75.00%,36.93%
340,2015,"Napa County, California",140295,55180,466800,71379,9.99%,74.28%,17.95%
341,2015,"San Francisco County, California",840763,383676,799600,81294,13.03%,76.15%,66.72%
342,2015,"Colusa County, California",21396,7931,196000,52168,14.82%,71.86%,11.56%
343,2015,"Kings County, California",150998,44628,169500,46481,19.80%,75.94%,19.73%
344,2015,"Fresno County, California",956749,321955,194600,45233,26.36%,71.95%,24.95%
345,2015,"Orange County, California",3116069,1064642,553600,76509,12.69%,79.34%,33.63%
346,2015,"Sutter County, California",95247,34065,198700,52017,17.58%,70.79%,16.58%
347,2015,"San Joaquin County, California",708554,236562,223000,53274,18.26%,73.01%,17.28%
348,2016,"San Diego County, California",3253356,1187644,454600,66529,13.65%,76.79%,34.80%
349,2016,"Tulare County, California",455769,145661,169600,42789,27.89%,73.61%,14.57%
350,2016,"Yolo County, California",209671,76478,346200,57663,18.55%,73.66%,29.67%
351,2016,"Humboldt County, California",135182,62386,279000,42685,20.45%,66.03%,19.18%
352,2016,"Nevada County, California",98639,53189,355900,57429,12.00%,62.02%,9.80%
353,2016,"Alpine County, California",1184,1771,329500,62375,18.67%,58.89%,2.62%
354,2016,"Madera County, California",153366,49844,204800,45742,20.89%,62.30%,12.17%
355,2016,"Mendocino County, California",87409,40695,319100,43510,19.87%,63.75%,14.37%
356,2016,"Santa Cruz County, California",270931,105255,615200,70088,14.47%,74.75%,21.91%
357,2016,"Trinity County, California",13180,8788,270100,35270,19.78%,51.34%,4.43%
358,2016,"Los Angeles County, California",10057155,3490118,465000,57952,17.54%,77.90%,42.04%
359,2016,"Riverside County, California",2323892,820300,276300,57972,16.21%,72.74%,16.47%
360,2016,"San Bernardino County, California",2106754,708442,256000,54469,18.62%,75.63%,20.13%
361,2016,"Santa Clara County, California",1885056,651905,752400,101173,9.14%,81.17%,32.83%
362,2016,"Marin County, California",259358,112259,859400,100310,7.88%,74.16%,27.54%
363,2016,"Placer County, California",370571,157888,380900,76926,8.62%,69.71%,15.11%
364,2016,"Siskiyou County, California",43668,24034,173100,38524,21.81%,56.16%,11.58%
365,2016,"Shasta County, California",179228,77942,223500,45582,17.27%,61.84%,15.95%
366,2016,"Solano County, California",429596,155091,305900,69227,12.40%,74.14%,21.46%
367,2016,"Del Norte County, California",27628,11326,183600,42363,18.89%,57.82%,14.29%
368,2016,"Glenn County, California",27976,10905,215800,41699,19.94%,65.69%,15.12%
369,2016,"Butte County, California",223877,97513,228500,44366,20.75%,62.11%,19.33%
370,2016,"Plumas County, California",18754,15693,221300,50125,12.51%,54.92%,8.44%
371,2016,"San Luis Obispo County, California",278680,119399,471800,64014,13.35%,70.20%,19.32%
372,2016,"Kern County, California",871337,291292,175600,49788,22.31%,73.81%,18.56%
373,2016,"Ventura County, California",843110,284759,481400,78593,10.50%,77.41%,20.94%
374,2016,"Calaveras County, California",44787,28104,259000,53502,12.60%,54.60%,5.65%
375,2016,"San Mateo County, California",754748,273798,845300,98546,7.62%,80.32%,33.68%
376,2016,"Tuolumne County, California",53864,31358,259800,50731,13.32%,56.09%,11.14%
377,2016,"Amador County, California",36963,18203,265900,57032,9.97%,56.47%,7.15%
378,2016,"Lake County, California",64076,35633,167300,36132,24.29%,53.45%,8.75%
379,2016,"Modoc County, California",9033,5242,144600,41194,16.42%,57.96%,3.98%
380,2016,"Inyo County, California",18326,9513,235500,47278,10.40%,63.39%,10.94%
381,2016,"Santa Barbara County, California",439395,154574,480000,65161,15.22%,74.98%,29.79%
382,2016,"Imperial County, California",178807,56906,159000,42560,22.68%,69.15%,21.15%
383,2016,"Alameda County, California",1605217,592796,593500,79831,11.81%,75.24%,36.95%
384,2016,"Napa County, California",140823,55301,503100,74609,8.58%,73.90%,17.83%
385,2016,"San Francisco County, California",850282,386755,858800,87701,12.25%,76.63%,66.89%
386,2016,"Colusa County, California",21361,7939,205000,54946,13.38%,72.81%,9.61%
387,2016,"Kings County, California",150261,44953,172000,47241,19.07%,75.61%,21.10%
388,2016,"Fresno County, California",963160,323857,204900,45963,26.46%,72.38%,25.43%
389,2016,"Orange County, California",3132211,1072121,584200,78145,12.31%,79.39%,33.87%
390,2016,"Sutter County, California",95406,34102,213100,52943,17.33%,71.40%,17.15%
391,2016,"San Joaquin County, California",714860,237752,246900,55045,17.43%,73.46%,17.38%
392,2016,"Merced County, California",265001,84140,171800,44397,23.65%,71.30%,15.94%
393,2016,"Mariposa County, California",17645,10334,250800,49265,16.15%,55.15%,6.38%
394,2016,"Yuba County, California",73897,28039,190700,48739,20.41%,68.05%,16.77%
395,2016,"Contra Costa County, California",1107925,406803,472900,82881,10.10%,76.04%,23.18%
396,2016,"Lassen County, California",31945,12726,174500,51457,11.14%,63.19%,10.89%
397,2016,"Stanislaus County, California",530561,180386,216000,51591,18.04%,71.86%,16.12%
398,2016,"Sonoma County, California",497776,207058,464700,66833,11.07%,72.83%,18.98%
399,2016,"Tehama County, California",63015,27225,178600,40687,21.21%,62.93%,12.13%
400,2016,"Mono County, California",14051,14000,286100,58937,8.70%,78.36%,26.06%
401,2016,"San Benito County, California",58051,18139,423100,73814,10.72%,78.38%,12.49%
402,2016,"Sacramento County, California",1479300,562003,271300,57509,17.64%,72.83%,25.39%
403,2016,"El Dorado County, California",183000,88882,379200,72586,9.75%,69.14%,11.03%
404,2016,"Monterey County, California",430201,140169,393300,60889,15.41%,76.09%,27.17%
405,2016,"Sierra County, California",2931,2349,170300,43984,11.22%,61.18%,5.25%
406,2017,"Merced County, California",267390,84488,196200,46338,22.76%,71.38%,15.80%
407,2017,"Lake County, California",64095,35747,182000,40446,22.46%,54.14%,8.41%
408,2017,"Mariposa County, California",17658,10378,259500,51385,14.89%,53.70%,6.78%
409,2017,"Modoc County, California",9017,5250,143100,39296,17.57%,53.88%,6.10%
410,2017,"Yuba County, California",74644,28225,207100,51776,18.22%,68.57%,16.99%
411,2017,"Contra Costa County, California",1123678,409117,522300,88456,9.67%,76.21%,23.08%
412,2017,"Inyo County, California",18195,9526,243100,51500,9.93%,64.07%,10.57%
413,2017,"Lassen County, California",31470,12749,177500,54083,10.03%,63.99%,9.06%
414,2017,"Stanislaus County, California",535684,180755,244100,54260,17.03%,72.44%,16.07%
415,2017,"Santa Barbara County, California",442996,155339,509400,68023,14.78%,75.70%,30.02%
416,2017,"Sonoma County, California",500943,207908,513300,71769,10.52%,72.91%,18.84%
417,2017,"Tehama County, California",63247,27359,191400,42512,20.57%,63.20%,11.15%
418,2017,"Imperial County, California",179957,57198,167700,44779,22.44%,70.32%,21.72%
419,2017,"Mono County, California",14058,14041,311700,60595,9.80%,79.24%,27.99%
420,2017,"San Benito County, California",58671,18328,459700,80760,9.66%,79.49%,11.95%
421,2017,"Alameda County, California",1629615,596898,649100,85743,11.12%,75.25%,36.76%
422,2017,"Sacramento County, California",1495400,564349,299900,60239,16.46%,73.39%,25.39%
423,2017,"El Dorado County, California",185015,89286,405900,74885,9.73%,67.84%,10.56%
424,2017,"Napa County, California",141005,55456,560500,79637,8.00%,74.37%,17.72%
425,2017,"Monterey County, California",433168,140548,441000,63249,14.07%,76.56%,26.79%
426,2017,"San Francisco County, California",864263,390376,927400,96265,11.47%,77.11%,66.67%
427,2017,"Sierra County, California",2885,2388,157100,44190,12.17%,51.24%,4.80%
428,2017,"Tulare County, California",458809,146712,180200,44871,26.75%,73.71%,14.97%
429,2017,"Yolo County, California",212605,76916,370800,61621,18.67%,73.54%,29.16%
430,2017,"Humboldt County, California",135490,62583,285800,43718,20.28%,65.78%,19.22%
431,2017,"Nevada County, California",98838,53393,379800,60610,12.00%,62.32%,9.19%
432,2017,"Alpine County, California",1203,1742,343800,63438,19.53%,53.29%,2.96%
433,2017,"Madera County, California",154440,50090,220400,48210,20.88%,65.27%,12.27%
434,2017,"Mendocino County, California",87497,40851,338000,46528,18.80%,64.57%,13.97%
435,2017,"Santa Cruz County, California",273263,105586,659900,73663,14.13%,74.22%,22.01%
436,2017,"Trinity County, California",13037,8814,286500,36563,19.52%,49.14%,5.84%
437,2017,"Los Angeles County, California",10105722,3506903,495800,61015,16.71%,78.28%,41.99%
438,2017,"Riverside County, California",2355002,826704,304500,60807,15.38%,73.03%,16.42%
439,2017,"San Bernardino County, California",2121220,711900,280200,57156,17.67%,76.26%,19.87%
440,2017,"Santa Clara County, California",1911226,658409,829600,106761,8.50%,81.14%,32.74%
441,2017,"Marin County, California",260814,112606,908800,104703,7.87%,73.92%,26.77%
442,2017,"Placer County, California",374985,159667,413300,80488,8.13%,69.90%,15.28%
443,2017,"Siskiyou County, California",43530,24055,176600,40884,20.48%,56.57%,11.07%
444,2017,"Shasta County, California",178919,78211,233500,47258,17.87%,62.95%,16.19%
445,2017,"Solano County, California",434981,155973,342000,72950,11.18%,74.44%,21.08%
446,2017,"Del Norte County, California",27442,11364,185900,41287,20.30%,56.52%,13.26%
447,2017,"Colusa County, California",21479,7990,223600,56481,13.87%,72.83%,10.05%
448,2017,"Glenn County, California",27935,10962,214600,46260,19.34%,66.44%,14.85%
449,2017,"Butte County, California",225207,98119,238200,46516,19.97%,63.45%,19.63%
450,2017,"Kings County, California",150183,45364,185600,49742,18.65%,76.71%,20.39%
451,2017,"Plumas County, California",18724,15740,228900,50266,13.03%,52.54%,7.16%
452,2017,"San Luis Obispo County, California",280119,120182,499800,67175,13.00%,70.30%,19.19%
453,2017,"Fresno County, California",971616,326213,220600,48730,25.01%,73.40%,25.63%
454,2017,"Kern County, California",878744,293548,190600,50826,21.75%,74.09%,18.37%
455,2017,"Orange County, California",3155816,1081701,620500,81851,11.99%,79.37%,33.70%
456,2017,"Ventura County, California",847834,285997,520300,81972,10.12%,77.50%,20.78%
457,2017,"Calaveras County, California",45057,28169,273400,54800,12.60%,54.58%,6.07%
458,2017,"Sutter County, California",95583,34204,234500,54347,16.54%,71.13%,17.56%
459,2017,"San Mateo County, California",763450,275109,917700,105667,7.20%,80.61%,33.54%
460,2017,"Tuolumne County, California",53899,31433,273500,54325,12.76%,55.90%,9.55%
461,2017,"San Joaquin County, California",724153,239253,281100,57813,16.75%,74.03%,17.22%
462,2017,"Amador County, California",37306,18259,278600,60636,9.55%,56.25%,6.94%
463,2017,"San Diego County, California",3283665,1195868,484900,70588,13.00%,77.37%,34.71%
464,2018,"Merced County, California",269075,84795,229500,50129,22.17%,72.50%,15.83%
465,2018,"Mariposa County, California",17540,10388,269500,51199,13.88%,53.82%,7.12%
466,2018,"Modoc County, California",8938,5263,133300,45149,16.06%,51.26%,5.38%
467,2018,"Contra Costa County, California",1133247,411338,582400,93712,9.05%,76.56%,23.10%
468,2018,"Inyo County, California",18085,9540,262400,52874,9.91%,64.00%,10.89%
469,2018,"Stanislaus County, California",539301,181213,272400,57387,15.96%,72.94%,15.90%
470,2018,"Santa Barbara County, California",443738,156210,549900,71657,14.20%,75.69%,30.63%
471,2018,"Lake County, California",64148,35067,195400,42475,20.61%,55.46%,8.81%
472,2018,"Glenn County, California",27897,10973,222000,47395,18.47%,66.93%,15.77%
473,2018,"Butte County, California",227075,98743,248100,48443,19.56%,63.36%,20.18%
474,2018,"Kings County, California",150075,45792,202800,53865,18.71%,76.47%,19.80%
475,2018,"Plumas County, California",18699,15772,234900,53270,11.48%,56.72%,6.85%
476,2018,"San Luis Obispo County, California",281455,121095,537900,70699,12.54%,70.06%,19.01%
477,2018,"Fresno County, California",978130,328577,237500,51261,23.73%,73.55%,25.68%
478,2018,"Kern County, California",883053,295756,205200,52479,21.20%,73.86%,18.24%
479,2018,"Orange County, California",3164182,1091376,652900,85398,11.36%,79.27%,33.68%
480,2018,"Ventura County, California",848112,287498,559700,84017,9.44%,77.32%,20.56%
481,2018,"Calaveras County, California",45235,27988,297700,58151,11.59%,55.41%,6.07%
482,2018,"Sutter County, California",95872,34315,260300,56955,15.83%,71.97%,17.91%
483,2018,"San Mateo County, California",765935,276444,994100,113776,6.97%,80.60%,33.27%
484,2018,"Tuolumne County, California",53932,31487,278900,56493,12.45%,56.20%,9.43%
485,2018,"San Joaquin County, California",732212,241055,313800,61145,15.61%,74.82%,17.64%
486,2018,"Amador County, California",37829,18278,296400,61198,8.78%,56.39%,7.30%
487,2018,"Mono County, California",14174,14078,326400,63018,10.26%,79.31%,25.29%
488,2018,"San Benito County, California",59416,18614,496200,81977,9.19%,79.76%,12.15%
489,2018,"Sacramento County, California",1510023,567220,330100,63902,15.63%,74.18%,25.41%
490,2018,"El Dorado County, California",186661,89763,437200,80582,8.86%,68.55%,10.56%
491,2018,"Monterey County, California",433212,141155,477200,66676,13.55%,76.94%,26.91%
492,2018,"San Francisco County, California",870044,393975,1009500,104552,10.69%,77.55%,66.70%
493,2018,"San Diego County, California",3302833,1204884,526300,74855,12.21%,77.79%,34.82%
494,2018,"Tulare County, California",460477,147791,191200,47518,25.14%,74.02%,15.54%
495,2018,"Humboldt County, California",135768,62826,296600,45528,19.86%,65.16%,19.23%
496,2018,"Alpine County, California",1146,1733,349000,64688,19.81%,55.85%,3.01%
497,2018,"Madera County, California",155013,50362,235200,52884,19.71%,67.99%,11.47%
498,2018,"Santa Cruz County, California",273765,105894,711000,78041,13.67%,74.93%,21.96%
499,2018,"Trinity County, California",12862,8850,284600,38497,19.37%,48.72%,7.11%
500,2018,"Riverside County, California",2383286,833602,330600,63948,14.51%,73.35%,16.58%
501,2018,"San Bernardino County, California",2135413,716171,305400,60164,16.82%,76.78%,19.88%
502,2018,"Marin County, California",260295,112868,959200,110217,7.43%,74.04%,27.05%
503,2018,"Placer County, California",380077,161846,443700,84357,7.97%,69.74%,15.00%
504,2018,"Shasta County, California",179085,78535,242500,50905,16.86%,63.37%,15.83%
505,2018,"Solano County, California",438530,156896,377500,77609,10.13%,75.54%,21.42%
506,2018,"Colusa County, California",21464,8004,249800,56704,13.65%,73.18%,12.17%
507,2018,"Tehama County, California",63373,27437,203400,42899,21.25%,62.78%,11.85%
508,2018,"Yuba County, California",75493,28370,231900,52624,17.61%,69.07%,17.63%
509,2018,"Lassen County, California",31185,12758,184200,56362,9.41%,64.44%,8.83%
510,2018,"Sonoma County, California",501317,207631,568700,76753,10.12%,72.84%,19.34%
511,2018,"Imperial County, California",180216,57468,177100,45834,22.86%,70.67%,21.80%
512,2018,"Alameda County, California",1643700,601942,707800,92574,10.40%,75.42%,36.74%
513,2018,"Napa County, California",140530,55557,603700,84753,7.95%,74.00%,18.09%
514,2018,"Sierra County, California",2930,2395,173200,48125,8.23%,48.75%,4.43%
515,2018,"Yolo County, California",214977,77512,395500,65923,18.88%,74.00%,29.16%
516,2018,"Nevada County, California",99092,53654,400000,63240,11.27%,63.71%,9.55%
517,2018,"Mendocino County, California",87422,40909,356800,49233,18.16%,65.29%,14.55%
518,2018,"Los Angeles County, California",10098052,3524321,543400,64251,15.75%,78.66%,42.33%
519,2018,"Santa Clara County, California",1922200,665365,913000,116178,7.80%,81.30%,33.00%
520,2018,"Siskiyou County, California",43540,24102,186300,44200,19.23%,56.16%,10.88%
521,2018,"Del Norte County, California",27424,11373,204000,45258,19.90%,59.47%,14.04%
522,2019,"Merced County, California",271382,85251,252700,53672,20.72%,72.83%,15.32%
523,2019,"Mariposa County, California",17420,10411,275700,48820,15.02%,54.48%,7.41%
524,2019,"Modoc County, California",8907,5258,140600,45507,18.17%,52.16%,5.20%
525,2019,"Contra Costa County, California",1142251,413719,625800,99716,8.63%,76.79%,22.94%
526,2019,"Inyo County, California",17977,9572,269100,57316,9.09%,64.81%,11.14%
527,2019,"Stanislaus County, California",543194,181748,291600,60704,14.99%,73.64%,16.00%
528,2019,"Santa Barbara County, California",444829,157161,577400,74624,12.94%,75.39%,30.82%
529,2019,"Tehama County, California",63912,27558,215900,44514,21.80%,62.83%,11.66%
530,2019,"Mono County, California",14310,14116,312500,62260,11.97%,76.98%,25.92%
531,2019,"San Benito County, California",60376,18970,551500,86958,8.38%,80.29%,12.30%
532,2019,"Sacramento County, California",1524553,570752,351900,67151,14.48%,74.59%,25.54%
533,2019,"El Dorado County, California",188563,90333,460900,83377,8.30%,68.29%,11.77%
534,2019,"Monterey County, California",433410,141820,516600,71015,12.55%,77.53%,27.13%
535,2019,"San Francisco County, California",874961,397812,1097800,112449,10.18%,77.86%,67.09%
536,2019,"San Diego County, California",3316073,1213891,563700,78980,11.30%,77.96%,34.83%
537,2019,"Tulare County, California",461898,148994,205000,49687,23.49%,74.27%,15.46%
538,2019,"Humboldt County, California",135940,63089,313200,48041,19.62%,65.78%,19.32%
539,2019,"Alpine County, California",1039,1767,365300,63750,19.73%,52.29%,3.71%
540,2019,"Madera County, California",155433,50677,251200,57585,18.83%,68.70%,12.18%
541,2019,"Santa Cruz County, California",273962,106307,756600,82234,12.56%,74.88%,22.54%
542,2019,"Trinity County, California",12700,8918,287700,40846,18.68%,46.62%,8.59%
543,2019,"Riverside County, California",2411439,840501,350100,67005,13.49%,73.39%,16.57%
544,2019,"San Bernardino County, California",2149031,720757,328200,63362,15.52%,77.39%,19.97%
545,2019,"Marin County, California",259943,113084,995800,115246,7.06%,73.58%,28.00%
546,2019,"Placer County, California",385512,164176,471500,89691,7.67%,70.28%,15.18%
547,2019,"Shasta County, California",179212,78634,252300,54667,16.42%,63.62%,15.72%
548,2019,"Solano County, California",441829,157800,406900,81472,9.31%,75.78%,20.97%
549,2019,"Colusa County, California",21454,8044,265200,59401,12.93%,73.24%,12.26%
550,2019,"Glenn County, California",27976,11008,233200,49633,17.22%,68.43%,15.97%
551,2019,"Butte County, California",225817,96505,271700,52537,18.59%,64.37%,21.06%
552,2019,"Kings County, California",150691,46181,215900,57848,16.41%,76.89%,19.75%
553,2019,"Plumas County, California",18660,15830,242300,55359,11.92%,57.72%,6.78%
554,2019,"San Luis Obispo County, California",282165,122005,574000,73518,11.79%,70.08%,19.27%
555,2019,"Fresno County, California",984521,331142,255000,53969,22.17%,73.69%,25.29%
556,2019,"Kern County, California",887641,298117,213900,53350,20.28%,73.76%,17.75%
557,2019,"Orange County, California",3168044,1100449,679300,90234,10.73%,79.24%,33.66%
558,2019,"Ventura County, California",847263,288896,588400,88131,8.81%,77.27%,20.58%
559,2019,"Calaveras County, California",45514,27995,319500,63158,11.31%,56.32%,6.08%
560,2019,"Sutter County, California",96109,34395,279400,59050,15.28%,72.03%,17.47%
561,2019,"San Mateo County, California",767423,277773,1089400,122641,6.66%,80.65%,33.42%
562,2019,"Tuolumne County, California",54045,31553,289200,60108,11.92%,57.02%,9.61%
563,2019,"San Joaquin County, California",742603,243260,342100,64432,14.20%,75.27%,17.26%
564,2019,"Amador County, California",38429,18379,313700,62772,8.98%,55.71%,7.86%
565,2019,"Lake County, California",64195,34845,219400,47040,18.31%,57.83%,8.89%
566,2019,"Yuba County, California",76360,28586,257100,58054,15.15%,69.84%,15.88%
567,2019,"Lassen County, California",30818,12783,203000,56352,9.18%,63.99%,7.96%
568,2019,"Sonoma County, California",499772,207713,609600,81018,9.09%,72.64%,19.82%
569,2019,"Imperial County, California",180701,57690,195800,47622,22.74%,70.70%,21.83%
570,2019,"Alameda County, California",1656754,608096,769300,99406,9.75%,75.37%,36.80%
571,2019,"Napa County, California",139623,55602,635900,88596,7.60%,73.87%,18.31%
572,2019,"Sierra County, California",3040,2365,231400,52148,9.57%,53.98%,6.52%
573,2019,"Yolo County, California",217352,77947,424900,70228,18.37%,74.01%,29.00%
574,2019,"Nevada County, California",99244,53989,431000,66096,10.93%,63.05%,9.36%
575,2019,"Mendocino County, California",87224,40960,377500,51416,17.48%,65.26%,14.12%
576,2019,"Los Angeles County, California",10081570,3542800,583200,68044,14.68%,78.91%,42.68%
577,2019,"Santa Clara County, California",1927470,672495,984000,124055,7.39%,81.47%,33.52%
578,2019,"Siskiyou County, California",43468,24118,198900,45241,18.64%,55.74%,12.24%
579,2019,"Del Norte County, California",27495,11379,218800,45283,17.31%,62.80%,12.65%
580,2020,"Alameda County, California",1661584,605767,825300,104888,9.15%,76.49%,36.82%
581,2020,"Alpine County, California",1159,1794,372500,85750,11.99%,58.94%,6.80%
582,2020,"Butte County, California",223344,93968,304700,54972,17.76%,65.30%,21.69%
583,2020,"Colusa County, California",21491,8153,274100,59427,11.82%,70.27%,11.76%
584,2020,"Contra Costa County, California",1147788,415067,655500,103997,8.10%,76.97%,22.53%
585,2020,"El Dorado County, California",190345,91569,479800,83710,8.42%,67.27%,12.05%
586,2020,"Fresno County, California",990204,333357,271000,57109,20.43%,73.38%,25.31%
587,2020,"Humboldt County, California",136101,63003,331300,49235,19.26%,64.20%,17.68%
588,2020,"Imperial County, California",180580,57855,206700,46222,21.27%,70.39%,22.91%
589,2020,"Kern County, California",892458,299179,226600,54851,19.71%,73.63%,17.31%
590,2020,"Kings County, California",151090,46267,227400,61556,14.50%,76.10%,18.44%
591,2020,"Lassen County, California",30600,12766,207800,56971,9.05%,62.68%,8.86%
592,2020,"Madera County, California",155925,50480,268500,61924,18.00%,70.89%,11.64%
593,2020,"Marin County, California",259441,112319,1053600,121671,6.75%,73.84%,27.51%
594,2020,"Mariposa County, California",17319,10525,290200,50960,15.41%,56.59%,7.21%
595,2020,"Mendocino County, California",87110,40874,388500,52915,15.99%,64.27%,14.73%
596,2020,"Merced County, California",273661,86691,268800,56330,18.32%,72.62%,16.26%
597,2020,"Modoc County, California",8853,5259,153600,51250,17.36%,57.54%,5.59%
598,2020,"Monterey County, California",432977,141910,559400,76943,11.56%,77.66%,26.28%
599,2020,"Napa County, California",138572,55339,666900,92219,7.33%,74.49%,18.49%
600,2020,"Nevada County, California",99417,53905,446100,68333,9.40%,62.68%,9.06%
601,2020,"Orange County, California",3170345,1101244,703800,94441,10.02%,79.03%,33.45%
602,2020,"Placer County, California",391799,166083,495900,93677,7.08%,70.49%,14.73%
603,2020,"Plumas County, California",18844,15873,259300,57233,12.26%,57.09%,7.11%
604,2020,"Riverside County, California",2437864,845066,368100,70732,12.32%,73.50%,16.29%
605,2020,"Sacramento County, California",1537948,572916,373000,70684,13.67%,74.73%,25.36%
606,2020,"San Benito County, California",61547,19215,588500,85808,9.28%,81.46%,12.43%
607,2020,"San Bernardino County, California",2162532,721376,348500,65761,14.60%,77.38%,20.41%
608,2020,"San Diego County, California",3323970,1215528,595600,82426,10.65%,77.68%,34.73%
609,2020,"San Francisco County, California",874784,398613,1152300,119136,9.96%,77.40%,67.05%
610,2020,"San Joaquin County, California",751615,245192,367900,68628,13.40%,75.50%,17.02%
611,2020,"San Luis Obispo County, California",282517,122256,605200,77948,10.46%,69.82%,18.86%
612,2020,"San Mateo County, California",765623,278756,1163100,128091,6.13%,80.86%,33.16%
613,2020,"Santa Clara County, California",1924379,668896,1061900,130890,7.06%,81.78%,33.30%
614,2020,"Santa Cruz County, California",273170,105819,787000,89986,11.39%,74.99%,21.69%
615,2020,"Sierra County, California",2898,2337,229400,52103,9.35%,59.12%,2.80%
616,2020,"Solano County, California",444538,159055,437900,84638,8.86%,76.62%,21.18%
617,2020,"Sonoma County, California",496801,206498,640000,86173,8.67%,72.42%,20.42%
618,2020,"Sutter County, California",96315,34394,306000,63502,12.94%,72.46%,17.91%
619,2020,"Tehama County, California",64176,27618,231500,48895,18.58%,62.19%,11.03%
620,2020,"Tulare County, California",463955,150079,223600,52534,21.47%,75.08%,16.05%
621,2020,"Tuolumne County, California",54147,31572,314300,60509,10.28%,56.61%,9.65%
622,2020,"Yolo County, California",218774,78565,456800,73746,17.92%,73.95%,29.62%
623,2020,"Yuba County, California",77524,28632,273600,59424,14.73%,70.91%,16.13%
624,2020,"Mono County, California",14395,14092,385500,64924,11.95%,77.60%,25.52%
625,2020,"Amador County, California",39023,18246,329300,65187,7.36%,55.03%,9.75%
626,2020,"Calaveras County, California",45828,28096,340000,67054,11.30%,55.64%,6.36%
627,2020,"Del Norte County, California",27692,11349,227500,49981,15.25%,61.77%,12.54%
628,2020,"Glenn County, California",28060,11210,242200,51682,14.97%,69.72%,15.61%
629,2020,"Inyo County, California",17930,9514,258200,59296,9.73%,63.73%,12.51%
630,2020,"Lake County, California",64276,34477,238000,49254,17.20%,56.87%,8.71%
631,2020,"Los Angeles County, California",10040682,3559790,615500,71358,13.96%,78.62%,42.75%
632,2020,"Santa Barbara County, California",444895,159317,610300,78925,12.28%,75.76%,31.07%
633,2020,"Shasta County, California",179267,78488,261000,57139,14.78%,63.76%,15.77%
634,2020,"Siskiyou County, California",43516,24177,214300,47403,16.76%,55.11%,13.88%
635,2020,"Stanislaus County, California",546235,182239,314100,62873,13.38%,73.23%,15.42%
636,2020,"Trinity County, California",12541,8895,285700,41780,22.81%,47.95%,9.23%
637,2020,"Ventura County, California",845599,289425,609200,89295,8.80%,76.52%,20.18%
